brand,product,url,imgSrc,name,categories,specific,hex,lightness,namingScheme
NUDESTIX,Tinted Cover Foundation,https://www.ulta.com/tinted-cover-foundation?productId=pimprod2008837,https://images.ulta.com/is/image/Ulta/2552723sw?$tn$,nude,skin,1,#F3DFD7,0.8980392157,nude
NUDESTIX,Tinted Cover Foundation,https://www.ulta.com/tinted-cover-foundation?productId=pimprod2008837,https://images.ulta.com/is/image/Ulta/2548672sw?$50px$,nude,skin,1.5,#F2DBD3,0.8882352941,nude
NUDESTIX,Tinted Cover Foundation,https://www.ulta.com/tinted-cover-foundation?productId=pimprod2008837,https://images.ulta.com/is/image/Ulta/2548673sw?$50px$,nude,skin,2,#E8C5B9,0.8176470588,nude
NUDESTIX,Tinted Cover Foundation,https://www.ulta.com/tinted-cover-foundation?productId=pimprod2008837,https://images.ulta.com/is/image/Ulta/2548674sw?$50px$,nude,skin,2.5,#E3BDAC,0.7823529412,nude
NUDESTIX,Tinted Cover Foundation,https://www.ulta.com/tinted-cover-foundation?productId=pimprod2008837,https://images.ulta.com/is/image/Ulta/2548675sw?$50px$,nude,skin,3,#DEB8A5,0.7588235294,nude
NUDESTIX,Tinted Cover Foundation,https://www.ulta.com/tinted-cover-foundation?productId=pimprod2008837,https://images.ulta.com/is/image/Ulta/2548676sw?$50px$,nude,skin,3.5,#D2A890,0.6941176471,nude
NUDESTIX,Tinted Cover Foundation,https://www.ulta.com/tinted-cover-foundation?productId=pimprod2008837,https://images.ulta.com/is/image/Ulta/2548677sw?$50px$,nude,skin,4,#D7A98F,0.7019607843,nude
NUDESTIX,Tinted Cover Foundation,https://www.ulta.com/tinted-cover-foundation?productId=pimprod2008837,https://images.ulta.com/is/image/Ulta/2548678sw?$50px$,nude,skin,5,#D69F7F,0.668627451,nude
NUDESTIX,Tinted Cover Foundation,https://www.ulta.com/tinted-cover-foundation?productId=pimprod2008837,https://images.ulta.com/is/image/Ulta/2548680sw?$50px$,nude,skin,6,#CC8D6C,0.6117647059,nude
NUDESTIX,Tinted Cover Foundation,https://www.ulta.com/tinted-cover-foundation?productId=pimprod2008837,https://images.ulta.com/is/image/Ulta/2548682sw?$50px$,nude,skin,7,#C08560,0.5647058824,nude
NUDESTIX,Tinted Cover Foundation,https://www.ulta.com/tinted-cover-foundation?productId=pimprod2008837,https://images.ulta.com/is/image/Ulta/2548683sw?$50px$,nude,skin,7.5,#AC7446,0.4745098039,nude
NUDESTIX,Tinted Cover Foundation,https://www.ulta.com/tinted-cover-foundation?productId=pimprod2008837,https://images.ulta.com/is/image/Ulta/2548685sw?$50px$,nude,skin,8,#976136,0.4019607843,nude
NUDESTIX,Tinted Cover Foundation,https://www.ulta.com/tinted-cover-foundation?productId=pimprod2008837,https://images.ulta.com/is/image/Ulta/2548686sw?$50px$,nude,skin,9,#8B542B,0.3568627451,nude
NUDESTIX,Tinted Cover Foundation,https://www.ulta.com/tinted-cover-foundation?productId=pimprod2008837,https://images.ulta.com/is/image/Ulta/2553635sw?$50px$,nude,skin,10,#824E2B,0.3392156863,nude
Perricone MD,No Makeup Foundation Serum Broad Spectrum SPF 20,https://www.ulta.com/no-makeup-foundation-serum-broad-spectrum-spf-20?productId=pimprod2004410,https://images.ulta.com/is/image/Ulta/2542457sw?$tn$,nude,skin,NA,#C49268,0.5882352941,nude
Too Faced,Born This Way Matte 24 Hour Foundation,https://www.ulta.com/born-this-way-matte-24-hour-foundation?productId=pimprod2016800,https://images.ulta.com/is/image/Ulta/2566720sw?$tn$,natural beige,"skin, color",NA,#D58352,0.5784313725,natural
Too Faced,Born This Way Matte 24 Hour Foundation,https://www.ulta.com/born-this-way-matte-24-hour-foundation?productId=pimprod2016800,https://images.ulta.com/is/image/Ulta/2566716sw?$50px$,nude,skin,NA,#DAA27B,0.668627451,nude
Too Faced,Born This Way Matte 24 Hour Foundation,https://www.ulta.com/born-this-way-matte-24-hour-foundation?productId=pimprod2016800,https://images.ulta.com/is/image/Ulta/2566717sw?$50px$,warm nude,"descriptor, skin",NA,#DC976D,0.6450980392,nude
Antonym,Skin Esteem Organic Liquid Foundation,https://www.sephora.com/product/skin-esteem-organic-liquid-foundation-P425621?icid2=products%20grid:p425621,/productimages/sku/s2016285+sw.jpg,nude,skin,NA,#CDB0A0,0.7156862745,nude
Armani Beauty,Crema Nuda Supreme Glow Reviving Tinted Moisturizer,https://www.sephora.com/product/crema-nuda-supreme-glow-reviving-tinted-moisturizer-P419856?icid2=products%20grid:p419856,/productimages/sku/s1957554+sw.jpg,nude glow,"skin, misc",1,#CC9484,0.6588235294,nude
Armani Beauty,Crema Nuda Supreme Glow Reviving Tinted Moisturizer,https://www.sephora.com/product/crema-nuda-supreme-glow-reviving-tinted-moisturizer-P419856?icid2=products%20grid:p419856,/productimages/sku/s1957554+sw.jpg,nude glow,"skin, misc",1,#CC9484,0.6588235294,nude
bareMinerals,BAREPRO Longwear Powder Foundation ,https://www.sephora.com/product/barepro-performance-wear-powder-foundation-P410543?icid2=products%20grid:p410543,/productimages/sku/s1848068+sw.jpg,golden nude,"descriptor, skin",13,#F3CDA0,0.7901960784,nude
bareMinerals,BAREPRO Longwear Powder Foundation ,https://www.sephora.com/product/barepro-performance-wear-powder-foundation-P410543?icid2=products%20grid:p410543,/productimages/sku/s1848050+sw.jpg,natural,skin,11,#F4C594,0.768627451,natural
bareMinerals,BAREPRO Longwear Powder Foundation ,https://www.sephora.com/product/barepro-performance-wear-powder-foundation-P410543?icid2=products%20grid:p410543,/productimages/sku/s1848035+sw.jpg,natural light,"skin, descriptor",9,#F6CCA2,0.8,natural
bareMinerals,BAREPRO Longwear Powder Foundation ,https://www.sephora.com/product/barepro-performance-wear-powder-foundation-P410543?icid2=products%20grid:p410543,/productimages/sku/s1847896+sw.jpg,warm natural,"descriptor, skin",12,#F0C892,0.7568627451,natural
bareMinerals,BAREPRO Performance Wear Liquid Foundation Broad Spectrum SPF 20,https://www.ulta.com/barepro-performance-wear-liquid-foundation-broad-spectrum-spf-20?productId=xlsImpprod16321440,https://images.ulta.com/is/image/Ulta/2511393sw?$50px$,light natural,"descriptor, skin",9,#DCAC88,0.6980392157,natural
bareMinerals,BAREPRO Performance Wear Liquid Foundation Broad Spectrum SPF 20,https://www.ulta.com/barepro-performance-wear-liquid-foundation-broad-spectrum-spf-20?productId=xlsImpprod16321440,https://images.ulta.com/is/image/Ulta/2511400sw?$50px$,natural,skin,11,#E7A984,0.7117647059,natural
bareMinerals,BAREPRO Performance Wear Liquid Foundation Broad Spectrum SPF 20,https://www.ulta.com/barepro-performance-wear-liquid-foundation-broad-spectrum-spf-20?productId=xlsImpprod16321440,https://images.ulta.com/is/image/Ulta/2511401sw?$50px$,warm natural,"descriptor, skin",12,#DD9F7A,0.6725490196,natural
bareMinerals,BAREPRO Performance Wear Powder Foundation,https://www.ulta.com/barepro-performance-wear-powder-foundation?productId=xlsImpprod14411013,https://images.ulta.com/is/image/Ulta/2306196sw?$50px$,golden nude,"descriptor, skin",13,#EBAB7F,0.7098039216,nude
bareMinerals,BAREPRO Performance Wear Powder Foundation,https://www.ulta.com/barepro-performance-wear-powder-foundation?productId=xlsImpprod14411013,https://images.ulta.com/is/image/Ulta/2306192sw?$50px$,light natural,"descriptor, skin",9,#DCAC88,0.6980392157,natural
bareMinerals,BAREPRO Performance Wear Powder Foundation,https://www.ulta.com/barepro-performance-wear-powder-foundation?productId=xlsImpprod14411013,https://images.ulta.com/is/image/Ulta/2306194sw?$50px$,natural,skin,11,#E7A984,0.7117647059,natural
bareMinerals,BAREPRO Performance Wear Powder Foundation,https://www.ulta.com/barepro-performance-wear-powder-foundation?productId=xlsImpprod14411013,https://images.ulta.com/is/image/Ulta/2306195sw?$50px$,warm natural,"descriptor, skin",12,#DD9F7A,0.6725490196,natural
bareMinerals,BarePRO™ 24 hour Longwear Liquid Foundation with Mineral SPF 20 ,https://www.sephora.com/product/barepro-performance-wear-liquid-foundation-broad-spectrum-spf-20-P421001?icid2=products%20grid:p421001,/productimages/sku/s1967926+sw.jpg,golden nude,"descriptor, skin",13,#E3C69B,0.7490196078,nude
bareMinerals,BarePRO™ 24 hour Longwear Liquid Foundation with Mineral SPF 20 ,https://www.sephora.com/product/barepro-performance-wear-liquid-foundation-broad-spectrum-spf-20-P421001?icid2=products%20grid:p421001,/productimages/sku/s1967819+sw.jpg,light natural,"descriptor, skin",9,#EEC8A3,0.7862745098,natural
bareMinerals,BarePRO™ 24 hour Longwear Liquid Foundation with Mineral SPF 20 ,https://www.sephora.com/product/barepro-performance-wear-liquid-foundation-broad-spectrum-spf-20-P421001?icid2=products%20grid:p421001,/productimages/sku/s1967793+sw.jpg,natural,skin,11,#E7C99A,0.7549019608,natural
bareMinerals,BarePRO™ 24 hour Longwear Liquid Foundation with Mineral SPF 20 ,https://www.sephora.com/product/barepro-performance-wear-liquid-foundation-broad-spectrum-spf-20-P421001?icid2=products%20grid:p421001,/productimages/sku/s1967918+sw.jpg,warm natural,"descriptor, skin",12,#DDAE87,0.6980392157,natural
bareMinerals,Blemish Rescue™ Salicylic Acid Loose Powder Foundation ,https://www.sephora.com/product/blemish-rescue-skin-clearing-loose-powder-foundation-P432867?icid2=products%20grid:p432867,/productimages/sku/s2107704+sw.jpg,golden nude,"descriptor, skin",3.5NW,#D19369,0.6156862745,nude
bareMinerals,Blemish Rescue™ Salicylic Acid Loose Powder Foundation ,https://www.sephora.com/product/blemish-rescue-skin-clearing-loose-powder-foundation-P432867?icid2=products%20grid:p432867,/productimages/sku/s2107712+sw.jpg,tan nude,"skin, color, skin",3.5W,#D09670,0.6274509804,nude
bareMinerals,Complexion Rescue Hydrating Foundation Stick Broad Spectrum SPF 25,https://www.ulta.com/complexion-rescue-hydrating-foundation-stick-broad-spectrum-spf-25?productId=pimprod2004176,https://images.ulta.com/is/image/Ulta/2541194sw?$50px$,natural,skin,5,#EDB497,0.7607843137,natural
bareMinerals,COMPLEXION RESCUE™ Hydrating Foundation Stick with Mineral SPF 25 ,https://www.sephora.com/product/complexion-rescue-hydrating-foundation-stick-broad-spectrum-spf-25-P441829?icid2=products%20grid:p441829,/productimages/sku/s2176865+sw.jpg,natural,skin,5,#DDAC8B,0.7058823529,natural
bareMinerals,COMPLEXION RESCUE™ Tinted Moisturizer with Hyaluronic Acid and Mineral SPF 30,https://www.sephora.com/product/complexion-rescue-tinted-hydrating-gel-cream-P393356?icid2=products%20grid:p393356,/productimages/sku/s1687912+sw.jpg,natural,skin,5,#D4AB9A,0.7176470588,natural
bareMinerals,I AM AN ORIGINAL GET STARTED® KIT Original Loose Mineral Foundation Customizable Set,https://www.sephora.com/product/bareminerals-i-am-an-original-get-started-reg-kit-original-loose-mineral-foundation-customizable-set-P467936?icid2=products%20grid:p467936,/productimages/sku/s1922616+sw.jpg,golden nude,"descriptor, skin",16,#A66D4D,0.4764705882,nude
bareMinerals,I AM AN ORIGINAL GET STARTED® KIT Original Loose Mineral Foundation Customizable Set,https://www.sephora.com/product/bareminerals-i-am-an-original-get-started-reg-kit-original-loose-mineral-foundation-customizable-set-P467936?icid2=products%20grid:p467936,/productimages/sku/s1922509+sw.jpg,tan nude,"skin, color, skin",17,#9F794F,0.4666666667,nude
bareMinerals,Matte Foundation Broad Spectrum SPF 15,https://www.ulta.com/matte-foundation-broad-spectrum-spf-15?productId=xlsImpprod1480002,https://images.ulta.com/is/image/Ulta/2505435sw?$50px$,golden nude,"descriptor, skin",16,#ECAD7C,0.7058823529,nude
bareMinerals,Matte Foundation Broad Spectrum SPF 15,https://www.ulta.com/matte-foundation-broad-spectrum-spf-15?productId=xlsImpprod1480002,https://images.ulta.com/is/image/Ulta/2505446sw?$50px$,tan nude,"skin, color, skin",17,#C98F70,0.6137254902,nude
bareMinerals,Matte Loose Powder Mineral Foundation SPF 15 ,https://www.sephora.com/product/bareminerals-matte-foundation-broad-spectrum-spf-15-P240604?icid2=products%20grid:p240604,/productimages/sku/s1922681+sw.jpg,golden nude,"descriptor, skin",16,#A66D4D,0.4764705882,nude
bareMinerals,Matte Loose Powder Mineral Foundation SPF 15 ,https://www.sephora.com/product/bareminerals-matte-foundation-broad-spectrum-spf-15-P240604?icid2=products%20grid:p240604,/productimages/sku/s1922699+sw.jpg,tan nude,"skin, color, skin",17,#A46E51,0.4803921569,nude
bareMinerals,ORIGINAL Foundation Broad Spectrum SPF 15,https://www.ulta.com/original-foundation-broad-spectrum-spf-15?productId=VP11362,https://images.ulta.com/is/image/Ulta/2505429sw?$50px$,golden nude,"descriptor, skin",16,#ECAD7C,0.7058823529,nude
bareMinerals,ORIGINAL Foundation Broad Spectrum SPF 15,https://www.ulta.com/original-foundation-broad-spectrum-spf-15?productId=VP11362,https://images.ulta.com/is/image/Ulta/2505431sw?$50px$,tan nude,"skin, color, skin",17,#C98F70,0.6137254902,nude
bareMinerals,ORIGINAL Liquid Mineral Foundation Broad Spectrum SPF 20,https://www.ulta.com/original-liquid-mineral-foundation-broad-spectrum-spf-20?productId=pimprod2018342,https://images.ulta.com/is/image/Ulta/2573925sw?$50px$,golden nude,"descriptor, skin",16,#DBA678,0.6647058824,nude
bareMinerals,ORIGINAL Liquid Mineral Foundation Broad Spectrum SPF 20,https://www.ulta.com/original-liquid-mineral-foundation-broad-spectrum-spf-20?productId=pimprod2018342,https://images.ulta.com/is/image/Ulta/2557724sw?$50px$,tan nude,"skin, color, skin",17,#E9B179,0.6941176471,nude
Bobbi Brown,Prep & Perfect Skin Long Wear Customizable Set,https://www.sephora.com/product/prep-perfect-skin-long-wear-customizable-set-P445416?icid2=products%20grid:p445416,/productimages/sku/s2191658+sw.jpg,cool natural,"descriptor, skin",NA,#D7AC8F,0.7019607843,natural
Bobbi Brown,Prep & Perfect Skin Long Wear Customizable Set,https://www.sephora.com/product/prep-perfect-skin-long-wear-customizable-set-P445416?icid2=products%20grid:p445416,/productimages/sku/s2032944+sw.jpg,golden natural,"descriptor, skin",NA,#DEA77B,0.6764705882,natural
Bobbi Brown,Prep & Perfect Skin Long Wear Customizable Set,https://www.sephora.com/product/prep-perfect-skin-long-wear-customizable-set-P445416?icid2=products%20grid:p445416,/productimages/sku/s2033033+sw.jpg,natural,skin,NA,#D3AE8B,0.6862745098,natural
Bobbi Brown,Prep & Perfect Skin Long Wear Customizable Set,https://www.sephora.com/product/prep-perfect-skin-long-wear-customizable-set-P445416?icid2=products%20grid:p445416,/productimages/sku/s2032787+sw.jpg,natural tan,"skin, skin, color",NA,#CC9979,0.637254902,natural
Bobbi Brown,Prep & Perfect Skin Long Wear Customizable Set,https://www.sephora.com/product/prep-perfect-skin-long-wear-customizable-set-P445416?icid2=products%20grid:p445416,/productimages/sku/s2032779+sw.jpg,warm natural,"descriptor, skin",NA,#CEA26E,0.61960784310000006,natural
Bobbi Brown,Sheer Finish Pressed Setting Powder,https://www.sephora.com/product/sheer-finish-pressed-powder-P270540?icid2=products%20grid:p270540,/productimages/sku/s1287531+sw.jpg,warm natural,"descriptor, skin",NA,#F5C4A2,0.7980392157,natural
Bobbi Brown,Skin Foundation SPF 15,https://www.sephora.com/product/skin-foundation-spf-15-P270551?icid2=products%20grid:p270551,/productimages/sku/s1288489+sw.jpg,natural,skin,4,#EFC9AF,0.8117647059,natural
Bobbi Brown,Skin Foundation SPF 15,https://www.sephora.com/product/skin-foundation-spf-15-P270551?icid2=products%20grid:p270551,/productimages/sku/s1288836+sw.jpg,natural tan,"skin, skin, color",4.25,#E9C5A4,0.7784313725,natural
Bobbi Brown,Skin Foundation SPF 15,https://www.sephora.com/product/skin-foundation-spf-15-P270551?icid2=products%20grid:p270551,/productimages/sku/s1288760+sw.jpg,warm natural,"descriptor, skin",4.5,#EEC5A2,0.7843137255,natural
Bobbi Brown,Skin Foundation Stick,https://www.sephora.com/product/foundation-stick-P270549?icid2=products%20grid:p270549,/productimages/sku/s1615004+sw.jpg,golden natural,"descriptor, skin",NA,#D2A57D,0.6568627451,natural
Bobbi Brown,Skin Foundation Stick,https://www.sephora.com/product/foundation-stick-P270549?icid2=products%20grid:p270549,/productimages/sku/s1587534+sw.jpg,natural,skin,NA,#DCB086,0.6941176471,natural
Bobbi Brown,Skin Foundation Stick,https://www.sephora.com/product/foundation-stick-P270549?icid2=products%20grid:p270549,/productimages/sku/s1582311+sw.jpg,natural tan,"skin, skin, color",NA,#E1B07E,0.6882352941,natural
Bobbi Brown,Skin Foundation Stick,https://www.sephora.com/product/foundation-stick-P270549?icid2=products%20grid:p270549,/productimages/sku/s1587450+sw.jpg,warm natural,"descriptor, skin",NA,#DEB07D,0.6803921569,natural
Bobbi Brown,Skin Long-Wear Fluid Powder Foundation SPF 20,https://www.sephora.com/product/bobbi-brown-skin-long-wear-fluid-powder-foundation-P455195?icid2=products%20grid:p455195,/productimages/sku/s2307379+sw.jpg,cool natural,"descriptor, skin",NA,#EAB687,0.7235294118,natural
Bobbi Brown,Skin Long-Wear Fluid Powder Foundation SPF 20,https://www.sephora.com/product/bobbi-brown-skin-long-wear-fluid-powder-foundation-P455195?icid2=products%20grid:p455195,/productimages/sku/s2307205+sw.jpg,natural,skin,NA,#F4CCAA,0.8117647059,natural
Bobbi Brown,Skin Long-Wear Fluid Powder Foundation SPF 20,https://www.sephora.com/product/bobbi-brown-skin-long-wear-fluid-powder-foundation-P455195?icid2=products%20grid:p455195,/productimages/sku/s2307338+sw.jpg,natural tan,"skin, skin, color",NA,#F8D6B3,0.837254902,natural
Bobbi Brown,Skin Long-Wear Weightless Foundation SPF 15,https://www.sephora.com/product/skin-long-wear-weightless-foundation-spf-15-P427430?icid2=products%20grid:p427430,/productimages/sku/s2191658+sw.jpg,cool natural,"descriptor, skin",NA,#D7AC8F,0.7019607843,natural
Bobbi Brown,Skin Long-Wear Weightless Foundation SPF 15,https://www.sephora.com/product/skin-long-wear-weightless-foundation-spf-15-P427430?icid2=products%20grid:p427430,/productimages/sku/s2191658+sw.jpg,cool natural,"descriptor, skin",NA,#D7AC8F,0.7019607843,natural
Bobbi Brown,Skin Long-Wear Weightless Foundation SPF 15,https://www.sephora.com/product/skin-long-wear-weightless-foundation-spf-15-P427430?icid2=products%20grid:p427430,/productimages/sku/s2032944+sw.jpg,golden natural,"descriptor, skin",NA,#DEA77B,0.6764705882,natural
Bobbi Brown,Skin Long-Wear Weightless Foundation SPF 15,https://www.sephora.com/product/skin-long-wear-weightless-foundation-spf-15-P427430?icid2=products%20grid:p427430,/productimages/sku/s2032944+sw.jpg,golden natural,"descriptor, skin",NA,#DEA77B,0.6764705882,natural
Bobbi Brown,Skin Long-Wear Weightless Foundation SPF 15,https://www.sephora.com/product/skin-long-wear-weightless-foundation-spf-15-P427430?icid2=products%20grid:p427430,/productimages/sku/s2033033+sw.jpg,natural,skin,NA,#D3AE8B,0.6862745098,natural
Bobbi Brown,Skin Long-Wear Weightless Foundation SPF 15,https://www.sephora.com/product/skin-long-wear-weightless-foundation-spf-15-P427430?icid2=products%20grid:p427430,/productimages/sku/s2033033+sw.jpg,natural,skin,NA,#D3AE8B,0.6862745098,natural
Bobbi Brown,Skin Long-Wear Weightless Foundation SPF 15,https://www.sephora.com/product/skin-long-wear-weightless-foundation-spf-15-P427430?icid2=products%20grid:p427430,/productimages/sku/s2032787+sw.jpg,natural tan,"skin, skin, color",NA,#CC9979,0.637254902,natural
Bobbi Brown,Skin Long-Wear Weightless Foundation SPF 15,https://www.sephora.com/product/skin-long-wear-weightless-foundation-spf-15-P427430?icid2=products%20grid:p427430,/productimages/sku/s2032787+sw.jpg,natural tan,"skin, skin, color",NA,#CC9979,0.637254902,natural
Bobbi Brown,Skin Long-Wear Weightless Foundation SPF 15,https://www.sephora.com/product/skin-long-wear-weightless-foundation-spf-15-P427430?icid2=products%20grid:p427430,/productimages/sku/s2032779+sw.jpg,warm natural,"descriptor, skin",NA,#CEA26E,0.61960784310000006,natural
Bobbi Brown,Skin Long-Wear Weightless Foundation SPF 15,https://www.sephora.com/product/skin-long-wear-weightless-foundation-spf-15-P427430?icid2=products%20grid:p427430,/productimages/sku/s2032779+sw.jpg,warm natural,"descriptor, skin",NA,#CEA26E,0.61960784310000006,natural
Bobbi Brown,Skin Weightless Powder Foundation,https://www.sephora.com/product/skin-weightless-powder-foundation-P388664?icid2=products%20grid:p388664,/productimages/sku/s1646215+sw.jpg,natural,skin,4,#E4B485,0.7078431373,natural
Bobbi Brown,Skin Weightless Powder Foundation,https://www.sephora.com/product/skin-weightless-powder-foundation-P388664?icid2=products%20grid:p388664,/productimages/sku/s1646132+sw.jpg,warm natural,"descriptor, skin",4.5,#DEA77A,0.6745098039,natural
Burt's Bees,Goodness Glows Liquid Foundation,https://www.ulta.com/goodness-glows-liquid-foundation?productId=xlsImpprod16781010,https://images.ulta.com/is/image/Ulta/2518262sw?$50px$,natural beige,"skin, color",NA,#CFA881,0.6588235294,natural
Catrice,HD Liquid Coverage Foundation,https://www.ulta.com/hd-liquid-coverage-foundation?productId=xlsImpprod16021093,https://images.ulta.com/is/image/Ulta/2545709sw?$50px$,natural beige,"skin, color",35,#B88F61,0.5509803922,natural
Catrice,HD Liquid Coverage Foundation,https://www.ulta.com/hd-liquid-coverage-foundation?productId=xlsImpprod16021093,https://images.ulta.com/is/image/Ulta/2545695sw?$50px$,nude beige,"skin, color",32,#C19E77,0.6117647059,nude
Clinique,Superbalanced Makeup,https://www.ulta.com/superbalanced-makeup?productId=xlsImpprod10791911,https://images.ulta.com/is/image/Ulta/2153602?$sm$,nude beige,"skin, color",43,#F9F9F9,0.9764705882,nude
CoverGirl,Olay Simply Ageless Foundation,https://www.ulta.com/olay-simply-ageless-foundation?productId=xlsImpprod1060098,https://images.ulta.com/is/image/Ulta/2165915sw?$tn$,creamy natural,"drink, skin",220,#EAC9B0,0.8039215686,natural
CoverGirl,Olay Simply Ageless Foundation,https://www.ulta.com/olay-simply-ageless-foundation?productId=xlsImpprod1060098,https://images.ulta.com/is/image/Ulta/2165919sw?$50px$,natural beige,"skin, color",240,#E6B89B,0.7549019608,natural
CoverGirl,Olay Simply Ageless Foundation,https://www.ulta.com/olay-simply-ageless-foundation?productId=xlsImpprod1060098,https://images.ulta.com/is/image/Ulta/2165914sw?$50px$,natural ivory,"skin, gem, color",215,#E3B49E,0.7549019608,natural
CoverGirl,Simply Ageless 3-In-1 Liquid Foundation,https://www.ulta.com/simply-ageless-3-in-1-liquid-foundation?productId=xlsImpprod13501013,https://images.ulta.com/is/image/Ulta/2296380sw?$50px$,creamy natural,"drink, skin",NA,#EBBD9E,0.7705882353,natural
CoverGirl,Simply Ageless 3-In-1 Liquid Foundation,https://www.ulta.com/simply-ageless-3-in-1-liquid-foundation?productId=xlsImpprod13501013,https://images.ulta.com/is/image/Ulta/2296383sw?$50px$,natural beige,"skin, color",NA,#DEB098,0.7333333333,natural
CoverGirl,Simply Ageless 3-In-1 Liquid Foundation,https://www.ulta.com/simply-ageless-3-in-1-liquid-foundation?productId=xlsImpprod13501013,https://images.ulta.com/is/image/Ulta/2296382sw?$50px$,nude beige,"skin, color",NA,#DAB087,0.6921568627,nude
CoverGirl,TruBlend Matte Made Liquid Foundation,https://www.ulta.com/trublend-matte-made-liquid-foundation?productId=pimprod2000386,https://images.ulta.com/is/image/Ulta/2533531sw?$50px$,golden natural,"descriptor, skin",M10,#D1986B,0.61960784310000006,natural
CoverGirl,TruBlend Matte Made Liquid Foundation,https://www.ulta.com/trublend-matte-made-liquid-foundation?productId=pimprod2000386,https://images.ulta.com/is/image/Ulta/2533525sw?$50px$,light nude,"descriptor, skin",L60,#D7A98F,0.7019607843,nude
CoverGirl,TruBlend Matte Made Liquid Foundation,https://www.ulta.com/trublend-matte-made-liquid-foundation?productId=pimprod2000386,https://images.ulta.com/is/image/Ulta/2537291sw?$50px$,natural beige,"skin, color",M60,#CA9470,0.6156862745,natural
CoverGirl,TruBlend Matte Made Liquid Foundation,https://www.ulta.com/trublend-matte-made-liquid-foundation?productId=pimprod2000386,https://images.ulta.com/is/image/Ulta/2537267sw?$50px$,natural ivory,"skin, gem, color",L70,#D8A689,0.6921568627,natural
CoverGirl,TruBlend Matte Made Liquid Foundation,https://www.ulta.com/trublend-matte-made-liquid-foundation?productId=pimprod2000386,https://images.ulta.com/is/image/Ulta/2537278sw?$50px$,natural tan,"skin, skin, color",T50,#986C52,0.4588235294,natural
Dermablend,Cover Creme Full Coverage Foundation,https://www.ulta.com/cover-creme-full-coverage-foundation?productId=xlsImpprod540044,https://images.ulta.com/is/image/Ulta/2155630sw?$50px$,natural beige,"skin, color",25N,#E7B578,0.6882352941,natural
Dermablend,Leg and Body Makeup,https://www.ulta.com/leg-body-makeup?productId=xlsImpprod16041799,https://images.ulta.com/is/image/Ulta/2509160sw?$50px$,deep natural,"descriptor, skin",85W,#764118,0.2784313725,natural
Dermablend,Leg and Body Makeup,https://www.ulta.com/leg-body-makeup?productId=xlsImpprod16041799,https://images.ulta.com/is/image/Ulta/2509357sw?$tn$,fair nude,"descriptor, skin",0N,#FEEBD3,0.9117647059,nude
Dermablend,Leg and Body Makeup,https://www.ulta.com/leg-body-makeup?productId=xlsImpprod16041799,https://images.ulta.com/is/image/Ulta/2509386sw?$50px$,light natural,"descriptor, skin",20N,#E9B69D,0.7647058824,natural
Dermablend,Leg and Body Makeup,https://www.ulta.com/leg-body-makeup?productId=xlsImpprod16041799,https://images.ulta.com/is/image/Ulta/2509381sw?$50px$,medium natural,"descriptor, skin",40N,#D29F82,0.6666666667,natural
Dermablend,Quick Fix Body Foundation Stick,https://www.ulta.com/quick-fix-body-foundation-stick?productId=xlsImpprod10421007,https://images.ulta.com/is/image/Ulta/2274142sw?$50px$,nude,skin,10C,#F5C799,0.7803921569,nude
Dermablend,Smooth Liquid Camo Foundation,https://www.ulta.com/smooth-liquid-camo-foundation?productId=xlsImpprod11381017,https://images.ulta.com/is/image/Ulta/2310008sw?$50px$,natural,skin,25N,#E1C79B,0.7450980392,natural
e.l.f. Cosmetics,Flawless Finish Foundation,https://www.ulta.com/flawless-finish-foundation?productId=xlsImpprod14541123,https://images.ulta.com/is/image/Ulta/2500512sw?$50px$,natural,skin,NA,#DFC4A7,0.7647058824,natural
Elcie Cosmetics,Micro Silque Foundation,https://www.ulta.com/micro-silque-foundation?productId=pimprod2005663,https://images.ulta.com/is/image/Ulta/2546551sw?$50px$,natural,skin,NA,#9C6D45,0.4411764706,natural
Estée Lauder,Double Wear Maximum Cover Camouflage Makeup for Face and Body SPF 15,https://www.ulta.com/double-wear-maximum-cover-camouflage-makeup-face-body-spf-15?productId=xlsImpprod16501415,https://images.ulta.com/is/image/Ulta/2521781sw?$50px$,ivory nude,"gem, color, skin",1N1,#E0BD9B,0.7431372549,nude
Estée Lauder,Double Wear Stay In Place Matte Powder Foundation,https://www.ulta.com/double-wear-stay-in-place-matte-powder-foundation?productId=pimprod2003118,https://images.ulta.com/is/image/Ulta/2541048sw?$tn$,ivory nude,"gem, color, skin",1N1,#FEE9D0,0.9058823529,nude
Estée Lauder,Double Wear Stay-in-Place Makeup,https://www.ulta.com/double-wear-stay-in-place-makeup?productId=xlsImpprod14641507,https://images.ulta.com/is/image/Ulta/2309437sw?$50px$,ivory nude,"gem, color, skin",1N1,#DEC094,0.7254901961,nude
FLOWER Beauty,Light Illusion Liquid Foundation,https://www.ulta.com/light-illusion-liquid-foundation?productId=xlsImpprod17631333,https://images.ulta.com/is/image/Ulta/2524990sw?$50px$,natural beige,"skin, color",M1,#E6BA97,0.7470588235,natural
FLOWER Beauty,Light Illusion Liquid Foundation,https://www.ulta.com/light-illusion-liquid-foundation?productId=xlsImpprod17631333,https://images.ulta.com/is/image/Ulta/2525008sw?$50px$,nude,skin,L3,#EFC595,0.7607843137,nude
Guerlain,L'Essentiel Natural Longwear Foundation SPF 20,https://www.sephora.com/product/l-essentiel-natural-16h-wear-foundation-spf-20-P444578?icid2=products%20grid:p444578,/productimages/sku/s2214906+sw.jpg,natural,skin,03N,#DAB496,0.7215686275,natural
Guerlain,L'Essentiel Natural Longwear Foundation SPF 20,https://www.sephora.com/product/l-essentiel-natural-16h-wear-foundation-spf-20-P444578?icid2=products%20grid:p444578,/productimages/sku/s2215002+sw.jpg,natural cool,"skin, descriptor",03C,#EBC2A2,0.7784313725,natural
Guerlain,L'Essentiel Natural Longwear Foundation SPF 20,https://www.sephora.com/product/l-essentiel-natural-16h-wear-foundation-spf-20-P444578?icid2=products%20grid:p444578,/productimages/sku/s2215101+sw.jpg,natural warm,"skin, descriptor",03W,#E8C39E,0.7647058824,natural
Guerlain,Lingerie De Peau Natural Perfection Foundation SPF 20,https://www.sephora.com/product/lingerie-de-peau-liquid-foundation-spf-20-P276800?icid2=products%20grid:p276800,/productimages/sku/s1861442+sw.jpg,natural,skin,03N,#CAAA8E,0.6745098039,natural
Guerlain,Lingerie De Peau Natural Perfection Foundation SPF 20,https://www.sephora.com/product/lingerie-de-peau-liquid-foundation-spf-20-P276800?icid2=products%20grid:p276800,/productimages/sku/s1861350+sw.jpg,natural cool,"skin, descriptor",03C,#CCA493,0.6882352941,natural
Guerlain,Lingerie De Peau Natural Perfection Foundation SPF 20,https://www.sephora.com/product/lingerie-de-peau-liquid-foundation-spf-20-P276800?icid2=products%20grid:p276800,/productimages/sku/s1861392+sw.jpg,natural warm,"skin, descriptor",03W,#CFA084,0.6647058824,natural
HOURGLASS,Illusion® Hyaluronic Skin Tint,https://www.sephora.com/product/illusion-hyaluronic-skin-tint-P388108?icid2=products%20grid:p388108,/productimages/sku/s1621358+sw.jpg,nude,skin,NA,#EBCDAF,0.8039215686,nude
HOURGLASS,Immaculate Liquid Powder Foundation,https://www.ulta.com/immaculate-liquid-powder-foundation?productId=pimprod2020421,https://images.ulta.com/is/image/Ulta/2575962sw?$50px$,natural,skin,NA,#E2B7A5,0.7666666667,natural
HOURGLASS,Immaculate Liquid Powder Foundation,https://www.ulta.com/immaculate-liquid-powder-foundation?productId=pimprod2020421,https://images.ulta.com/is/image/Ulta/2575961sw?$50px$,nude,skin,NA,#C19D82,0.6333333333,nude
HOURGLASS,Vanish Seamless Finish Foundation Stick,https://www.ulta.com/vanish-seamless-finish-foundation-stick?productId=pimprod2020481,https://images.ulta.com/is/image/Ulta/2575933sw?$50px$,golden natural,"descriptor, skin",NA,#BF9B79,0.6117647059,natural
HOURGLASS,Vanish Seamless Finish Foundation Stick,https://www.ulta.com/vanish-seamless-finish-foundation-stick?productId=pimprod2020481,https://images.ulta.com/is/image/Ulta/2572542sw?$50px$,natural,skin,NA,#DFA46A,0.6450980392,natural
HOURGLASS,Vanish Seamless Finish Foundation Stick,https://www.ulta.com/vanish-seamless-finish-foundation-stick?productId=pimprod2020481,https://images.ulta.com/is/image/Ulta/2572558sw?$50px$,natural amber,"skin, gem, color",NA,#986B4B,0.4450980392,natural
HOURGLASS,Vanish Seamless Finish Foundation Stick,https://www.ulta.com/vanish-seamless-finish-foundation-stick?productId=pimprod2020481,https://images.ulta.com/is/image/Ulta/2572606sw?$50px$,nude,skin,NA,#C19573,0.6039215686,nude
HOURGLASS,Vanish Seamless Finish Liquid Foundation,https://www.ulta.com/vanish-seamless-finish-liquid-foundation?productId=pimprod2020422,https://images.ulta.com/is/image/Ulta/2575786sw?$50px$,golden natural,"descriptor, skin",NA,#BF9B79,0.6117647059,natural
HOURGLASS,Vanish Seamless Finish Liquid Foundation,https://www.ulta.com/vanish-seamless-finish-liquid-foundation?productId=pimprod2020422,https://images.ulta.com/is/image/Ulta/2575792sw?$50px$,natural,skin,NA,#DFA46A,0.6450980392,natural
HOURGLASS,Vanish Seamless Finish Liquid Foundation,https://www.ulta.com/vanish-seamless-finish-liquid-foundation?productId=pimprod2020422,https://images.ulta.com/is/image/Ulta/2575793sw?$50px$,natural amber,"skin, gem, color",NA,#986B4B,0.4450980392,natural
HOURGLASS,Vanish Seamless Finish Liquid Foundation,https://www.ulta.com/vanish-seamless-finish-liquid-foundation?productId=pimprod2020422,https://images.ulta.com/is/image/Ulta/2575794sw?$50px$,nude,skin,NA,#C19573,0.6039215686,nude
HOURGLASS,Veil Fluid Makeup,https://www.ulta.com/veil-fluid-makeup?productId=pimprod2020482,https://images.ulta.com/is/image/Ulta/2575807sw?$50px$,nude,skin,No. 1.5,#EEC5A9,0.7980392157,nude
Hynt Beauty,Encore Pressed Powder Foundation,https://www.ulta.com/encore-pressed-powder-foundation?productId=pimprod2014352,https://images.ulta.com/is/image/Ulta/2564460sw?$50px$,nude sand,"skin, rock",NA,#F7CF9A,0.7862745098,nude
J.Cat Beauty,Aquasurance Compact Foundation,https://www.ulta.com/aquasurance-compact-foundation?productId=pimprod2000221,https://images.ulta.com/is/image/Ulta/2537900sw?$50px$,natural,skin,NA,#EBB287,0.7254901961,natural
jane iredale,Liquid Minerals A Foundation,https://www.ulta.com/liquid-minerals-a-foundation?productId=pimprod2004085,https://images.ulta.com/is/image/Ulta/2544965sw?$50px$,natural,skin,NA,#EDD1BA,0.8294117647,natural
jane iredale,PurePressed Base Mineral Foundation Refill,https://www.ulta.com/purepressed-base-mineral-foundation-refill?productId=pimprod2004116,https://images.ulta.com/is/image/Ulta/2544922sw?$50px$,natural,skin,NA,#EDCFB9,0.8274509804,natural
Josie Maran,Vibrancy Argan Oil Foundation Fluid,https://www.sephora.com/product/vibrancy-argan-oil-foundation-fluid-P407445?icid2=products%20grid:p407445,/productimages/sku/s1795954+sw.jpg,supernatural,misc,RG10,#E4C4B7,0.8058823529,natural
Jouer Cosmetics,Essential High Coverage Crème Foundation,https://www.sephora.com/product/essential-high-coverage-creme-foundation-P434015?icid2=products%20grid:p434015,/productimages/sku/s2124865+sw.jpg,beige nude,"color, skin",NA,#D7B197,0.7176470588,nude
Juice Beauty,PHYTO-PIGMENTS Flawless Serum Foundation,https://www.ulta.com/phyto-pigments-flawless-serum-foundation?productId=xlsImpprod13521059,https://images.ulta.com/is/image/Ulta/2508937sw?$50px$,natural tan,"skin, skin, color",16,#C9957E,0.6411764706,natural
L.A. Girl,Pro Coverage Liquid Foundation,https://www.ulta.com/pro-coverage-liquid-foundation?productId=xlsImpprod15711049,https://images.ulta.com/is/image/Ulta/2505343sw?$tn$,natural,skin,NA,#BF8662,0.5666666667,natural
L.A. Girl,Pro Coverage Liquid Foundation,https://www.ulta.com/pro-coverage-liquid-foundation?productId=xlsImpprod15711049,https://images.ulta.com/is/image/Ulta/2505267sw?$50px$,nude beige,"skin, color",NA,#C38752,0.5431372549,nude
L.A. Girl,Pro.Matte Foundation,https://www.ulta.com/promatte-foundation?productId=xlsImpprod17631407,https://images.ulta.com/is/image/Ulta/2523623sw?$50px$,natural,skin,NA,#D4A476,0.6470588235,natural
L.A. Girl,Pro.Matte Foundation,https://www.ulta.com/promatte-foundation?productId=xlsImpprod17631407,https://images.ulta.com/is/image/Ulta/2540138sw?$50px$,nude,skin,NA,#DEC9AE,0.7764705882,nude
L'Oréal,Age Perfect Radiant Serum Foundation,https://www.ulta.com/age-perfect-radiant-serum-foundation?productId=pimprod2017262,https://images.ulta.com/is/image/Ulta/2569310sw?$50px$,natural buff,"skin, color",NA,#F4CFA7,0.8058823529,natural
L'Oréal,Age Perfect Radiant Serum Foundation,https://www.ulta.com/age-perfect-radiant-serum-foundation?productId=pimprod2017262,https://images.ulta.com/is/image/Ulta/2569317sw?$50px$,nude beige,"skin, color",NA,#F3CDAD,0.8156862745,nude
L'Oréal,Infallible Fresh Wear 24HR Foundation,https://www.ulta.com/infallible-fresh-wear-24hr-foundation?productId=pimprod2002481,https://images.ulta.com/is/image/Ulta/2538197sw?$50px$,natural buff,"skin, color",NA,#E2AF81,0.6960784314,natural
L'Oréal,Infallible Fresh Wear 24HR Foundation,https://www.ulta.com/infallible-fresh-wear-24hr-foundation?productId=pimprod2002481,https://images.ulta.com/is/image/Ulta/2538172sw?$50px$,natural rose,"skin, plant, color",NA,#E3B68D,0.7215686275,natural
L'Oréal,Infallible Pro-Glow Foundation,https://www.ulta.com/infallible-pro-glow-foundation?productId=xlsImpprod14321021,https://images.ulta.com/is/image/Ulta/2305290sw?$50px$,creamy natural,"misc, skin",NA,#F2C99D,0.7823529412,natural
L'Oréal,Infallible Pro-Glow Foundation,https://www.ulta.com/infallible-pro-glow-foundation?productId=xlsImpprod14321021,https://images.ulta.com/is/image/Ulta/2305297sw?$50px$,natural beige,"skin, color",NA,#E1A87D,0.6862745098,natural
L'Oréal,Infallible Pro-Glow Foundation,https://www.ulta.com/infallible-pro-glow-foundation?productId=xlsImpprod14321021,https://images.ulta.com/is/image/Ulta/2305295sw?$50px$,natural buff,"skin, color",NA,#E5B38F,0.7294117647,natural
L'Oréal,Infallible Pro-Glow Foundation,https://www.ulta.com/infallible-pro-glow-foundation?productId=xlsImpprod14321021,https://images.ulta.com/is/image/Ulta/2305293sw?$50px$,nude beige,"skin, color",NA,#EDB795,0.7568627451,nude
L'Oréal,Infallible Pro-Matte Liquid Longwear Foundation,https://www.ulta.com/infallible-pro-matte-liquid-longwear-foundation?productId=xlsImpprod11861081,https://images.ulta.com/is/image/Ulta/2283483sw?$50px$,natural beige,"skin, color",105,#EBAF77,0.6941176471,natural
L'Oréal,Infallible Pro-Matte Liquid Longwear Foundation,https://www.ulta.com/infallible-pro-matte-liquid-longwear-foundation?productId=xlsImpprod11861081,https://images.ulta.com/is/image/Ulta/2283484sw?$50px$,natural buff,"skin, color",103,#EBA67D,0.7058823529,natural
L'Oréal,Infallible Pro-Matte Liquid Longwear Foundation,https://www.ulta.com/infallible-pro-matte-liquid-longwear-foundation?productId=xlsImpprod11861081,https://images.ulta.com/is/image/Ulta/2547744sw?$50px$,nude buff,"skin, color",104.5,#D8B195,0.7156862745,nude
L'Oréal,True Match Lumi Healthy Luminous Makeup,https://www.ulta.com/true-match-lumi-healthy-luminous-makeup?productId=xlsImpprod4480167,https://images.ulta.com/is/image/Ulta/2246796sw?$50px$,creamy natural,"drink, skin",NA,#DFB798,0.7352941176,natural
L'Oréal,True Match Lumi Healthy Luminous Makeup,https://www.ulta.com/true-match-lumi-healthy-luminous-makeup?productId=xlsImpprod4480167,https://images.ulta.com/is/image/Ulta/2246792sw?$50px$,natural beige,"skin, color",NA,#D1A47E,0.6568627451,natural
L'Oréal,True Match Lumi Healthy Luminous Makeup,https://www.ulta.com/true-match-lumi-healthy-luminous-makeup?productId=xlsImpprod4480167,https://images.ulta.com/is/image/Ulta/2246790sw?$50px$,natural buff,"skin, color",NA,#D6A482,0.6745098039,natural
L'Oréal,True Match Lumi Healthy Luminous Makeup,https://www.ulta.com/true-match-lumi-healthy-luminous-makeup?productId=xlsImpprod4480167,https://images.ulta.com/is/image/Ulta/2246789sw?$50px$,nude beige,"skin, color",NA,#DCAB81,0.6843137255,nude
L'Oréal,True Match Super-Blendable Foundation Makeup,https://www.ulta.com/true-match-super-blendable-foundation-makeup?productId=fs1017872,https://images.ulta.com/is/image/Ulta/2094978sw?$50px$,creamy natural,"drink, skin",NA,#C2A088,0.6470588235,natural
L'Oréal,True Match Super-Blendable Foundation Makeup,https://www.ulta.com/true-match-super-blendable-foundation-makeup?productId=fs1017872,https://images.ulta.com/is/image/Ulta/2094980sw?$50px$,natural beige,"skin, color",NA,#C5A98C,0.6607843137,natural
L'Oréal,True Match Super-Blendable Foundation Makeup,https://www.ulta.com/true-match-super-blendable-foundation-makeup?productId=fs1017872,https://images.ulta.com/is/image/Ulta/2094979sw?$50px$,natural buff,"skin, color",NA,#C5A389,0.6549019608,natural
L'Oréal,True Match Super-Blendable Foundation Makeup,https://www.ulta.com/true-match-super-blendable-foundation-makeup?productId=fs1017872,https://images.ulta.com/is/image/Ulta/2094976sw?$tn$,natural ivory,"skin, gem, color",NA,#D0A896,0.7019607843,natural
L'Oréal,True Match Super-Blendable Foundation Makeup,https://www.ulta.com/true-match-super-blendable-foundation-makeup?productId=fs1017872,https://images.ulta.com/is/image/Ulta/2094977sw?$50px$,nude beige,"skin, color",NA,#CEAE93,0.6921568627,nude
La Mer,The Luminous Lifting Cushion Foundation SPF 20 + Refill,https://www.sephora.com/product/the-luminous-lifting-cushion-foundation-spf-20-refill-P437500?icid2=products%20grid:p437500,/productimages/sku/s2132272+sw.jpg,beige nude,"color, skin",43,#D0A589,0.6764705882,nude
La Mer,The Soft Fluid Long Wear Foundation SPF 20,https://www.sephora.com/product/the-soft-fluid-long-wear-foundation-spf-20-P423742?icid2=products%20grid:p423742,/productimages/sku/s1999895+sw.jpg,natural,skin,150,#F6D1BE,0.8549019608,natural
Lancôme,SKIN FEELS GOOD Skin Nourishing Foundation,https://www.sephora.com/product/skin-feels-good-skin-nourishing-foundation-P428823?icid2=products%20grid:p428823,/productimages/sku/s2045276+sw.jpg,natural blond,"skin, misc",02C,#D0A289,0.6764705882,natural
Lancôme,SKIN FEELS GOOD Skin Nourishing Foundation,https://www.sephora.com/product/skin-feels-good-skin-nourishing-foundation-P428823?icid2=products%20grid:p428823,/productimages/sku/s2045292+sw.jpg,nude vanilla,"skin, food",01N,#D6AB96,0.7137254902,nude
Laura Mercier,Tinted Moisturizer Broad Spectrum SPF 20 - Oil Free,https://www.sephora.com/product/tinted-moisturizer-broad-spectrum-oil-free-P140906?icid2=products%20grid:p140906,/productimages/sku/s2411973+sw.jpg,natural,skin,2W3,#DAAE88,0.6941176471,natural
Laura Mercier,Tinted Moisturizer Broad Spectrum SPF 20 - Oil Free,https://www.sephora.com/product/tinted-moisturizer-broad-spectrum-oil-free-P140906?icid2=products%20grid:p140906,/productimages/sku/s1531458+sw.jpg,natural,skin,2W3,#E2B18A,0.7137254902,natural
Laura Mercier,Tinted Moisturizer Broad Spectrum SPF 20 - Oil Free,https://www.sephora.com/product/tinted-moisturizer-broad-spectrum-oil-free-P140906?icid2=products%20grid:p140906,/productimages/sku/s2411866+sw.jpg,nude,skin,2W2,#E4C4A9,0.7784313725,nude
Laura Mercier,Tinted Moisturizer Broad Spectrum SPF 20 - Oil Free,https://www.sephora.com/product/tinted-moisturizer-broad-spectrum-oil-free-P140906?icid2=products%20grid:p140906,/productimages/sku/s905448+sw.jpg,nude,skin,2N1,#DCAB7F,0.6803921569,nude
Laura Mercier,Tinted Moisturizer Natural Skin Perfector Broad Spectrum SPF 30,https://www.sephora.com/product/tinted-moisturizer-broad-spectrum-P109936?icid2=products%20grid:p109936,/productimages/sku/s2250595+sw.jpg,natural,skin,2W1,#DEC4A4,0.7568627451,natural
Laura Mercier,Tinted Moisturizer Natural Skin Perfector Broad Spectrum SPF 30,https://www.sephora.com/product/tinted-moisturizer-broad-spectrum-P109936?icid2=products%20grid:p109936,/productimages/sku/s2306447+sw.jpg,natural,skin,2W1,#DDC3A3,0.7529411765,natural
Laura Mercier,Tinted Moisturizer Natural Skin Perfector Broad Spectrum SPF 30,https://www.sephora.com/product/tinted-moisturizer-broad-spectrum-P109936?icid2=products%20grid:p109936,/productimages/sku/s2250587+sw.jpg,nude,skin,2N1,#DFB18A,0.7078431373,nude
Laura Mercier,Tinted Moisturizer Natural Skin Perfector Broad Spectrum SPF 30,https://www.sephora.com/product/tinted-moisturizer-broad-spectrum-P109936?icid2=products%20grid:p109936,/productimages/sku/s2250421+sw.jpg,nude,skin,2N1,#E0B28B,0.7117647059,nude
lilah b.,Marvelous Matte™ Crème Foundation,https://www.sephora.com/product/marvelous-matte-creme-foundation-P434534?icid2=products%20grid:p434534,/productimages/sku/s2143659+sw.jpg,natural,skin,NA,#D2AE97,0.7078431373,natural
MAKE UP FOR EVER,Matte Velvet Skin Blurring Powder Foundation,https://www.sephora.com/product/matte-velvet-skin-blurring-powder-foundation-P443566?icid2=products%20grid:p443566,/productimages/sku/s2209997+sw.jpg,beige nude,"color, skin",R250,#FFD4C2,0.8803921569,nude
MAKE UP FOR EVER,Matte Velvet Skin Blurring Powder Foundation,https://www.sephora.com/product/matte-velvet-skin-blurring-powder-foundation-P443566?icid2=products%20grid:p443566,/productimages/sku/s2209930+sw.jpg,natural beige,"skin, color",Y345,#EBB69D,0.768627451,natural
MAKE UP FOR EVER,Matte Velvet Skin Full Coverage Foundation,https://www.sephora.com/product/matte-velvet-skin-full-coverage-foundation-P434023?icid2=products%20grid:p434023,/productimages/sku/s2106375+sw.jpg,natural beige,"skin, color",Y345,#DDC4A0,0.7470588235,natural
MAKE UP FOR EVER,Reboot Active Care Revitalizing Foundation,https://www.sephora.com/product/make-up-for-ever-reboot-foundation-P454035?icid2=products%20grid:p454035,/productimages/sku/s2308393+sw.jpg,nude sand,"skin, rock",Y328,#CD9F83,0.6588235294,nude
MAKE UP FOR EVER,Ultra HD Invisible Cover Foundation,https://www.sephora.com/product/ultra-hd-invisible-cover-foundation-P398321?icid2=products%20grid:p398321,/productimages/sku/s1709005+sw.jpg,beige nude,"color, skin",R250,#C7A797,0.6862745098,nude
MAKE UP FOR EVER,Ultra HD Invisible Cover Foundation,https://www.sephora.com/product/ultra-hd-invisible-cover-foundation-P398321?icid2=products%20grid:p398321,/productimages/sku/s1709039+sw.jpg,natural beige,"skin, color",Y345,#C19C82,0.6333333333,natural
Maybelline,Dream Radiant Liquid Foundation,https://www.ulta.com/dream-radiant-liquid-foundation?productId=pimprod2011884,https://images.ulta.com/is/image/Ulta/2558039sw?$50px$,creamy natural,"drink, skin",NA,#EDC6A5,0.7882352941,natural
Maybelline,Dream Radiant Liquid Foundation,https://www.ulta.com/dream-radiant-liquid-foundation?productId=pimprod2011884,https://images.ulta.com/is/image/Ulta/2558053sw?$50px$,natural beige,"skin, color",NA,#D9B98B,0.6980392157,natural
Maybelline,Dream Radiant Liquid Foundation,https://www.ulta.com/dream-radiant-liquid-foundation?productId=pimprod2011884,https://images.ulta.com/is/image/Ulta/2558095sw?$50px$,nude beige,"skin, color",NA,#E8CEB5,0.8098039216,nude
Maybelline,Dream Urban Cover Flawless Coverage Foundation SPF 50,https://www.ulta.com/dream-urban-cover-flawless-coverage-foundation-spf-50?productId=pimprod2006666,https://images.ulta.com/is/image/Ulta/2545978sw?$50px$,natural beige,"skin, color",NA,#CBB592,0.6843137255,natural
Maybelline,Dream Urban Cover Flawless Coverage Foundation SPF 50,https://www.ulta.com/dream-urban-cover-flawless-coverage-foundation-spf-50?productId=pimprod2006666,https://images.ulta.com/is/image/Ulta/2545970sw?$50px$,natural ivory,"skin, gem, color",NA,#EBDDD3,0.8745098039,natural
Maybelline,Dream Urban Cover Flawless Coverage Foundation SPF 50,https://www.ulta.com/dream-urban-cover-flawless-coverage-foundation-spf-50?productId=pimprod2006666,https://images.ulta.com/is/image/Ulta/2545958sw?$50px$,warm nude,"descriptor, skin",NA,#DBC2A3,0.7490196078,nude
Maybelline,Fit Me Dewy + Smooth Foundation,https://www.ulta.com/fit-me-dewy-smooth-foundation?productId=xlsImpprod2980151,https://images.ulta.com/is/image/Ulta/2225228?$sm$,natural beige,"skin, color",NA,#FDFCFB,0.9882352941,natural
Maybelline,Fit Me Dewy + Smooth Foundation,https://www.ulta.com/fit-me-dewy-smooth-foundation?productId=xlsImpprod2980151,https://images.ulta.com/is/image/Ulta/2225230?$sm$,natural buff,"skin, color",NA,#FDFCFB,0.9882352941,natural
Maybelline,Fit Me Dewy + Smooth Foundation,https://www.ulta.com/fit-me-dewy-smooth-foundation?productId=xlsImpprod2980151,https://images.ulta.com/is/image/Ulta/2225224?$sm$,nude beige,"skin, color",NA,#FDFBFA,0.9862745098,nude
Maybelline,Fit Me Dewy + Smooth Foundation,https://www.ulta.com/fit-me-dewy-smooth-foundation?productId=xlsImpprod2980151,https://images.ulta.com/is/image/Ulta/2537806sw?$50px$,warm nude,"descriptor, skin",NA,#CC9D69,0.6058823529,nude
Maybelline,Fit Me Matte + Poreless Liquid Foundation,https://www.ulta.com/fit-me-matte-poreless-liquid-foundation?productId=xlsImpprod11861007,https://images.ulta.com/is/image/Ulta/2282913sw?$50px$,natural beige,"skin, color",220,#EAC5A0,0.7725490196,natural
Maybelline,Fit Me Matte + Poreless Liquid Foundation,https://www.ulta.com/fit-me-matte-poreless-liquid-foundation?productId=xlsImpprod11861007,https://images.ulta.com/is/image/Ulta/2282915sw?$50px$,natural buff,"skin, color",230,#E8AE8A,0.7254901961,natural
Maybelline,Fit Me Matte + Poreless Liquid Foundation,https://www.ulta.com/fit-me-matte-poreless-liquid-foundation?productId=xlsImpprod11861007,https://images.ulta.com/is/image/Ulta/2282907sw?$50px$,natural ivory,"skin, gem, color",112,#F6E2D5,0.9,natural
Maybelline,Fit Me Matte + Poreless Liquid Foundation,https://www.ulta.com/fit-me-matte-poreless-liquid-foundation?productId=xlsImpprod11861007,https://images.ulta.com/is/image/Ulta/2295400sw?$50px$,natural tan,"skin, skin, color",320,#DDA482,0.6882352941,natural
Maybelline,Fit Me Matte + Poreless Liquid Foundation,https://www.ulta.com/fit-me-matte-poreless-liquid-foundation?productId=xlsImpprod11861007,https://images.ulta.com/is/image/Ulta/2282910sw?$50px$,nude beige,"skin, color",125,#F7C49A,0.7862745098,nude
Maybelline,Fit Me Matte + Poreless Liquid Foundation,https://www.ulta.com/fit-me-matte-poreless-liquid-foundation?productId=xlsImpprod11861007,https://images.ulta.com/is/image/Ulta/2282911sw?$50px$,warm nude,"descriptor, skin",128,#EBC099,0.7607843137,nude
Maybelline,Super Stay Full Coverage Foundation,https://www.ulta.com/super-stay-full-coverage-foundation?productId=xlsImpprod17161541,https://images.ulta.com/is/image/Ulta/2519487sw?$50px$,natural beige,"skin, color",220,#C4A682,0.6392156863,natural
Maybelline,Super Stay Full Coverage Foundation,https://www.ulta.com/super-stay-full-coverage-foundation?productId=xlsImpprod17161541,https://images.ulta.com/is/image/Ulta/2519477sw?$50px$,natural ivory,"skin, gem, color",112,#DEC6AD,0.7745098039,natural
Maybelline,Super Stay Full Coverage Foundation,https://www.ulta.com/super-stay-full-coverage-foundation?productId=xlsImpprod17161541,https://images.ulta.com/is/image/Ulta/2537845sw?$50px$,nude beige,"skin, color",125,#E3B791,0.7294117647,nude
Maybelline,Super Stay Full Coverage Foundation,https://www.ulta.com/super-stay-full-coverage-foundation?productId=xlsImpprod17161541,https://images.ulta.com/is/image/Ulta/2519494sw?$50px$,warm nude,"descriptor, skin",128,#D6B793,0.7078431373,nude
Maybelline,SuperStay Full Coverage Powder Foundation,https://www.ulta.com/superstay-full-coverage-powder-foundation?productId=pimprod2002809,https://images.ulta.com/is/image/Ulta/2537778sw?$50px$,natural beige,"skin, color",NA,#EBD7B4,0.8137254902,natural
Maybelline,SuperStay Full Coverage Powder Foundation,https://www.ulta.com/superstay-full-coverage-powder-foundation?productId=pimprod2002809,https://images.ulta.com/is/image/Ulta/2537775sw?$50px$,natural ivory,"skin, gem, color",NA,#F3E6D9,0.9019607843,natural
Milani,Conceal + Perfect 2-in-1 Foundation + Concealer,https://www.ulta.com/conceal-perfect-2-in-1-foundation-concealer?productId=xlsImpprod17081067,https://images.ulta.com/is/image/Ulta/2539485sw?$50px$,creamy natural,"drink, skin",NA,#EDBE9A,0.7666666667,natural
Milani,Conceal + Perfect 2-in-1 Foundation + Concealer,https://www.ulta.com/conceal-perfect-2-in-1-foundation-concealer?productId=xlsImpprod17081067,https://images.ulta.com/is/image/Ulta/2539479sw?$50px$,creamy nude,"drink, skin",NA,#E9C7A3,0.7764705882,nude
Milani,Conceal + Perfect 2-in-1 Foundation + Concealer,https://www.ulta.com/conceal-perfect-2-in-1-foundation-concealer?productId=xlsImpprod17081067,https://images.ulta.com/is/image/Ulta/2519947sw?$50px$,light natural,"descriptor, skin",NA,#FED7B7,0.8568627451,natural
Milani,Conceal + Perfect 2-in-1 Foundation + Concealer,https://www.ulta.com/conceal-perfect-2-in-1-foundation-concealer?productId=xlsImpprod17081067,https://images.ulta.com/is/image/Ulta/2519959sw?$50px$,natural,skin,NA,#F3C798,0.7745098039,natural
Milani,Conceal + Perfect 2-in-1 Foundation + Concealer,https://www.ulta.com/conceal-perfect-2-in-1-foundation-concealer?productId=xlsImpprod17081067,https://images.ulta.com/is/image/Ulta/2529589sw?$50px$,natural beige,"skin, color",NA,#D7A67B,0.662745098,natural
Milani,Conceal + Perfect 2-in-1 Foundation + Concealer,https://www.ulta.com/conceal-perfect-2-in-1-foundation-concealer?productId=xlsImpprod17081067,https://images.ulta.com/is/image/Ulta/2539470sw?$50px$,natural tan,"skin, skin, color",NA,#B67E57,0.5274509804,natural
Milani,Conceal + Perfect 2-in-1 Foundation + Concealer,https://www.ulta.com/conceal-perfect-2-in-1-foundation-concealer?productId=xlsImpprod17081067,https://images.ulta.com/is/image/Ulta/2539477sw?$50px$,nude,skin,NA,#F1C5AA,0.8058823529,nude
Milani,Conceal + Perfect Smooth Finish Cream-To-Powder Foundation,https://www.ulta.com/conceal-perfect-smooth-finish-cream-powder-foundation?productId=pimprod2012993,https://images.ulta.com/is/image/Ulta/2558962sw?$50px$,creamy natural,"drink, skin",NA,#DAA88D,0.7039215686,natural
Milani,Conceal + Perfect Smooth Finish Cream-To-Powder Foundation,https://www.ulta.com/conceal-perfect-smooth-finish-cream-powder-foundation?productId=pimprod2012993,https://images.ulta.com/is/image/Ulta/2558967sw?$50px$,creamy nude,"drink, skin",NA,#E5B8A5,0.7725490196,nude
Milani,Conceal + Perfect Smooth Finish Cream-To-Powder Foundation,https://www.ulta.com/conceal-perfect-smooth-finish-cream-powder-foundation?productId=pimprod2012993,https://images.ulta.com/is/image/Ulta/2558946sw?$50px$,natural,skin,NA,#EFA685,0.7294117647,natural
Milani,Screen Queen Foundation,https://www.ulta.com/screen-queen-foundation?productId=pimprod2012994,https://images.ulta.com/is/image/Ulta/2557352sw?$50px$,natural beige,"skin, color",NA,#E8B88C,0.7294117647,natural
Milani,Screen Queen Foundation,https://www.ulta.com/screen-queen-foundation?productId=pimprod2012994,https://images.ulta.com/is/image/Ulta/2558939sw?$50px$,natural bisque,"skin, food",NA,#DDB181,0.6862745098,natural
Milani,Screen Queen Foundation,https://www.ulta.com/screen-queen-foundation?productId=pimprod2012994,https://images.ulta.com/is/image/Ulta/2558941sw?$50px$,natural tan,"skin, skin, color",NA,#DEA87C,0.6784313725,natural
Milani,Screen Queen Foundation,https://www.ulta.com/screen-queen-foundation?productId=pimprod2012994,https://images.ulta.com/is/image/Ulta/2557366sw?$50px$,natural toffee,"skin, food",NA,#875531,0.3607843137,natural
Milani,Screen Queen Foundation,https://www.ulta.com/screen-queen-foundation?productId=pimprod2012994,https://images.ulta.com/is/image/Ulta/2557355sw?$50px$,nude beige,"skin, color",NA,#E9BD97,0.7529411765,nude
Milani,Screen Queen Foundation,https://www.ulta.com/screen-queen-foundation?productId=pimprod2012994,https://images.ulta.com/is/image/Ulta/2558932sw?$50px$,nude bisque,"skin, food",NA,#DCA879,0.668627451,nude
Milani,Screen Queen Foundation,https://www.ulta.com/screen-queen-foundation?productId=pimprod2012994,https://images.ulta.com/is/image/Ulta/2557363sw?$50px$,nude ivory,"skin, gem, color",NA,#F8D1B2,0.8352941176,nude
Milani,Screen Queen Foundation,https://www.ulta.com/screen-queen-foundation?productId=pimprod2012994,https://images.ulta.com/is/image/Ulta/2557356sw?$50px$,nude mocha,"skin, drink",NA,#392928,0.1901960784,nude
Milani,Screen Queen Foundation,https://www.ulta.com/screen-queen-foundation?productId=pimprod2012994,https://images.ulta.com/is/image/Ulta/2558945sw?$50px$,nude sand,"skin, rock",NA,#E5B286,0.7117647059,nude
Milani,Screen Queen Foundation,https://www.ulta.com/screen-queen-foundation?productId=pimprod2012994,https://images.ulta.com/is/image/Ulta/2558931sw?$50px$,warm nude,"descriptor, skin",NA,#F6D7B9,0.8450980392,nude
MILK MAKEUP,Flex Foundation Stick,https://www.sephora.com/product/flex-foundation-stick-P448151?icid2=products%20grid:p448151,/productimages/sku/s2242071+sw.jpg,golden nude,"descriptor, skin",NA,#DEAE86,0.6980392157,nude
MILK MAKEUP,Flex Foundation Stick,https://www.sephora.com/product/flex-foundation-stick-P448151?icid2=products%20grid:p448151,/productimages/sku/s2242048+sw.jpg,nude,skin,NA,#E4B296,0.7411764706,nude
NYX Professional Makeup,Born To Glow Naturally Radiant Foundation,https://www.ulta.com/born-glow-naturally-radiant-foundation?productId=pimprod2006994,https://images.ulta.com/is/image/Ulta/2546598sw?$50px$,natural,skin,NA,#D9A381,0.6784313725,natural
NYX Professional Makeup,Born To Glow Naturally Radiant Foundation,https://www.ulta.com/born-glow-naturally-radiant-foundation?productId=pimprod2006994,https://images.ulta.com/is/image/Ulta/2546628sw?$50px$,nude,skin,NA,#D4B28D,0.6921568627,nude
NYX Professional Makeup,Can't Stop Won't Stop Foundation,https://www.ulta.com/cant-stop-wont-stop-foundation?productId=xlsImpprod18871063,https://images.ulta.com/is/image/Ulta/2531978sw?$50px$,natural,skin,NA,#CAA181,0.6490196078,natural
NYX Professional Makeup,Can't Stop Won't Stop Foundation,https://www.ulta.com/cant-stop-wont-stop-foundation?productId=xlsImpprod18871063,https://images.ulta.com/is/image/Ulta/2531994sw?$50px$,nude,skin,NA,#CAB08F,0.6764705882,nude
NYX Professional Makeup,Stay Matte Powder Foundation,https://www.ulta.com/stay-matte-powder-foundation?productId=xlsImpprod4141615,https://images.ulta.com/is/image/Ulta/2242595sw?$tn$,natural,skin,NA,#F4D2AB,0.8137254902,natural
NYX Professional Makeup,Stay Matte Powder Foundation,https://www.ulta.com/stay-matte-powder-foundation?productId=xlsImpprod4141615,https://images.ulta.com/is/image/Ulta/2242594sw?$50px$,nude,skin,NA,#EAD2AE,0.8,nude
NYX Professional Makeup,Total Control Pro Drop Foundation,https://www.ulta.com/total-control-pro-drop-foundation?productId=pimprod2022024,https://images.ulta.com/is/image/Ulta/2565864sw?$50px$,natural,skin,NA,#DBA583,0.6862745098,natural
NYX Professional Makeup,Total Control Pro Drop Foundation,https://www.ulta.com/total-control-pro-drop-foundation?productId=pimprod2022024,https://images.ulta.com/is/image/Ulta/2565865sw?$50px$,nude,skin,NA,#D6B48F,0.7,nude
Pretty Vulgar,Cool AF Lava Water Foundation,https://www.sephora.com/product/cool-af-lava-water-foundation-P446041?icid2=products%20grid:p446041,/productimages/sku/s2221539+sw.jpg,au natural,skin,NA,#AD7566,0.5392156863,natural
PÜR,4-In-1 Love Your Selfie Longwear Foundation & Concealer,https://www.ulta.com/4-in-1-love-your-selfie-longwear-foundation-concealer?productId=pimprod2005671,https://images.ulta.com/is/image/Ulta/2544515sw?$50px$,light nude,"descriptor, skin",LN6,#DCC4B0,0.7764705882,nude
PÜR,4-In-1 Love Your Selfie Longwear Foundation & Concealer,https://www.ulta.com/4-in-1-love-your-selfie-longwear-foundation-concealer?productId=pimprod2005671,https://images.ulta.com/is/image/Ulta/2544519sw?$50px$,light nude,"descriptor, skin",LG6,#E5CAB0,0.7941176471,nude
PÜR,4-In-1 Love Your Selfie Longwear Foundation & Concealer,https://www.ulta.com/4-in-1-love-your-selfie-longwear-foundation-concealer?productId=pimprod2005671,https://images.ulta.com/is/image/Ulta/2544521sw?$50px$,warm nude,"descriptor, skin",TP2,#D3B29F,0.7254901961,nude
Revlon,ColorStay Full Cover Foundation,https://www.ulta.com/colorstay-full-cover-foundation?productId=xlsImpprod18391067,https://images.ulta.com/is/image/Ulta/2527744sw?$tn$,natural beige,"skin, color",220,#ECC29D,0.7705882353,natural
Revlon,ColorStay Full Cover Foundation,https://www.ulta.com/colorstay-full-cover-foundation?productId=xlsImpprod18391067,https://images.ulta.com/is/image/Ulta/2527762sw?$50px$,natural tan,"skin, skin, color",330,#DE9F74,0.662745098,natural
Revlon,ColorStay Full Cover Foundation,https://www.ulta.com/colorstay-full-cover-foundation?productId=xlsImpprod18391067,https://images.ulta.com/is/image/Ulta/2527760sw?$50px$,nude,skin,200,#F5CCAE,0.8215686275,nude
Revlon,ColorStay Light Cover Liquid Foundation,https://www.ulta.com/colorstay-light-cover-liquid-foundation?productId=pimprod2021383,https://images.ulta.com/is/image/Ulta/2573029sw?$50px$,natural beige,"skin, color",220,#D6A67E,0.6666666667,natural
Revlon,ColorStay Light Cover Liquid Foundation,https://www.ulta.com/colorstay-light-cover-liquid-foundation?productId=pimprod2021383,https://images.ulta.com/is/image/Ulta/2572953sw?$50px$,natural tan,"skin, skin, color",330,#BD8863,0.5647058824,natural
Revlon,ColorStay Makeup For Combo/Oily Skin,https://www.ulta.com/colorstay-makeup-combooily-skin?productId=xlsImpprod1810157,https://images.ulta.com/is/image/Ulta/2123486sw?$50px$,natural beige,"skin, color",220,#E9B19C,0.762745098,natural
Revlon,ColorStay Makeup For Combo/Oily Skin,https://www.ulta.com/colorstay-makeup-combooily-skin?productId=xlsImpprod1810157,https://images.ulta.com/is/image/Ulta/2123492sw?$50px$,natural tan,"skin, skin, color",330,#DCA787,0.6960784314,natural
Revlon,ColorStay Makeup For Combo/Oily Skin,https://www.ulta.com/colorstay-makeup-combooily-skin?productId=xlsImpprod1810157,https://images.ulta.com/is/image/Ulta/2123484sw?$50px$,nude,skin,200,#F1B396,0.7666666667,nude
Revlon,ColorStay Makeup For Normal/Dry Skin,https://www.ulta.com/colorstay-makeup-normaldry-skin?productId=xlsImpprod1810159,https://images.ulta.com/is/image/Ulta/2123507sw?$50px$,natural beige,"skin, color",220,#E9B19C,0.762745098,natural
Revlon,ColorStay Makeup For Normal/Dry Skin,https://www.ulta.com/colorstay-makeup-normaldry-skin?productId=xlsImpprod1810159,https://images.ulta.com/is/image/Ulta/2123511sw?$50px$,natural tan,"skin, skin, color",330,#DCA787,0.6960784314,natural
Revlon,ColorStay Makeup For Normal/Dry Skin,https://www.ulta.com/colorstay-makeup-normaldry-skin?productId=xlsImpprod1810159,https://images.ulta.com/is/image/Ulta/2123505sw?$50px$,nude,skin,200,#F1B396,0.7666666667,nude
SEPHORA COLLECTION,10 Hour Wear Perfection Foundation,https://www.sephora.com/product/10-hr-wear-perfection-foundation-P379509?icid2=products%20grid:p379509,/productimages/sku/s1492842+sw.jpg,light natural,"descriptor, skin",22,#D2A681,0.6647058824,natural
SEPHORA COLLECTION,10 Hour Wear Perfection Foundation,https://www.sephora.com/product/10-hr-wear-perfection-foundation-P379509?icid2=products%20grid:p379509,/productimages/sku/s1492834+sw.jpg,light natural beige,"descriptor, skin, color",23,#D9A778,0.6607843137,natural
SEPHORA COLLECTION,10 Hour Wear Perfection Foundation,https://www.sephora.com/product/10-hr-wear-perfection-foundation-P379509?icid2=products%20grid:p379509,/productimages/sku/s2222099+sw.jpg,natural camel,"skin, color, animal",28.5,#D4A98D,0.6921568627,natural
SEPHORA COLLECTION,10 Hour Wear Perfection Foundation,https://www.sephora.com/product/10-hr-wear-perfection-foundation-P379509?icid2=products%20grid:p379509,/productimages/sku/s2225787+sw.jpg,pink natural,"color, skin",22.5,#D8AF95,0.7156862745,natural
SEPHORA COLLECTION,Matte Perfection Full Coverage Foundation,https://www.sephora.com/product/matte-perfection-foundation-P439400?icid2=products%20grid:p439400,/productimages/sku/s2014702+sw.jpg,natural,skin,22,#ECC4B1,0.8098039216,natural
SEPHORA COLLECTION,Matte Perfection Full Coverage Foundation,https://www.sephora.com/product/matte-perfection-foundation-P439400?icid2=products%20grid:p439400,/productimages/sku/s2014777+sw.jpg,warm natural,"descriptor, skin",17,#F3C9AA,0.8098039216,natural
SEPHORA COLLECTION,MicroSmooth Baked Powder Foundation,https://www.sephora.com/product/baked-foundation-face-powder-P310719?icid2=products%20grid:p310719,/productimages/sku/s1372150+sw.jpg,nude,skin,15,#D9B69F,0.737254902,nude
Sephora Favorites,Deep Customizable Foundation Set with Too Faced Born This Way Foundation,https://www.sephora.com/product/sephora-favorites-sephora-favorites-deep-customizable-foundation-set-with-too-faced-born-this-way-foundation-P453905?icid2=products%20grid:p453905,/productimages/sku/s1711977+sw.jpg,natural beige,"skin, color",NA,#D7A98C,0.6960784314,natural
Sephora Favorites,Deep Customizable Foundation Set with Too Faced Born This Way Foundation,https://www.sephora.com/product/sephora-favorites-sephora-favorites-deep-customizable-foundation-set-with-too-faced-born-this-way-foundation-P453905?icid2=products%20grid:p453905,/productimages/sku/s1711944+sw.jpg,nude,skin,NA,#DBB096,0.7235294118,nude
Sephora Favorites,Deep Customizable Foundation Set with Too Faced Born This Way Foundation,https://www.sephora.com/product/sephora-favorites-sephora-favorites-deep-customizable-foundation-set-with-too-faced-born-this-way-foundation-P453905?icid2=products%20grid:p453905,/productimages/sku/s1711951+sw.jpg,warm nude,"descriptor, skin",NA,#EABFA4,0.7803921569,nude
TOM FORD,Traceless Foundation Stick,https://www.sephora.com/product/traceless-foundation-stick-P422453?icid2=products%20grid:p422453,/productimages/sku/s1990399+sw.jpg,natural,skin,6,#EDB398,0.762745098,natural
TOM FORD,Traceless Foundation Stick,https://www.sephora.com/product/traceless-foundation-stick-P422453?icid2=products%20grid:p422453,/productimages/sku/s2183754+sw.jpg,nude ivory,"skin, gem, color",1.3,#D7A683,0.6784313725,nude
TOM FORD,Traceless Soft Matte Foundation,https://www.sephora.com/product/tom-ford-traceless-soft-matte-foundation-P459506?icid2=products%20grid:p459506,/productimages/sku/s2367134+sw.jpg,natural,skin,6,#D1B393,0.6980392157,natural
TOM FORD,Traceless Soft Matte Foundation,https://www.sephora.com/product/tom-ford-traceless-soft-matte-foundation-P459506?icid2=products%20grid:p459506,/productimages/sku/s2366995+sw.jpg,nude ivory,"skin, gem, color",1.3,#E2C8AE,0.7843137255,nude
Too Faced,Born This Way Foundation,https://www.sephora.com/product/born-this-way-P397517?icid2=products%20grid:p397517,/productimages/sku/s1711977+sw.jpg,natural beige,"skin, color",NA,#D7A98C,0.6960784314,natural
Too Faced,Born This Way Foundation,https://www.sephora.com/product/born-this-way-P397517?icid2=products%20grid:p397517,/productimages/sku/s1711944+sw.jpg,nude,skin,NA,#DBB096,0.7235294118,nude
Too Faced,Born This Way Foundation,https://www.sephora.com/product/born-this-way-P397517?icid2=products%20grid:p397517,/productimages/sku/s1711951+sw.jpg,warm nude,"descriptor, skin",NA,#EABFA4,0.7803921569,nude
Too Faced,Born This Way Pressed Powder Foundation,https://www.sephora.com/product/born-this-way-multi-use-complexion-powder-P447123?icid2=products%20grid:p447123,/productimages/sku/s2260529+sw.jpg,natural beige,"skin, color",NA,#CA9F7C,0.6392156863,natural
Too Faced,Born This Way Pressed Powder Foundation,https://www.sephora.com/product/born-this-way-multi-use-complexion-powder-P447123?icid2=products%20grid:p447123,/productimages/sku/s2260818+sw.jpg,nude,skin,NA,#E8C09D,0.762745098,nude
Too Faced,Born This Way Undetectable Medium-to-Full Coverage Foundation,https://www.ulta.com/born-this-way-undetectable-medium-full-coverage-foundation?productId=xlsImpprod12621017,https://images.ulta.com/is/image/Ulta/2290021sw?$tn$,natural beige,"skin, color",NA,#E2A478,0.6784313725,natural
Too Faced,Born This Way Undetectable Medium-to-Full Coverage Foundation,https://www.ulta.com/born-this-way-undetectable-medium-full-coverage-foundation?productId=xlsImpprod12621017,https://images.ulta.com/is/image/Ulta/2290018sw?$50px$,nude,skin,NA,#E8B087,0.7196078431,nude
Too Faced,Born This Way Undetectable Medium-to-Full Coverage Foundation,https://www.ulta.com/born-this-way-undetectable-medium-full-coverage-foundation?productId=xlsImpprod12621017,https://images.ulta.com/is/image/Ulta/2290019sw?$50px$,warm nude,"descriptor, skin",NA,#DCAB83,0.6882352941,nude
Too Faced,Born This Way Undetectable Medium-to-Full Coverage Powder Foundation,https://www.ulta.com/born-this-way-undetectable-medium-full-coverage-powder-foundation?productId=pimprod2007607,https://images.ulta.com/is/image/Ulta/2547017sw?$tn$,natural beige,"skin, color",NA,#C79B6E,0.6058823529,natural
Too Faced,Born This Way Undetectable Medium-to-Full Coverage Powder Foundation,https://www.ulta.com/born-this-way-undetectable-medium-full-coverage-powder-foundation?productId=pimprod2007607,https://images.ulta.com/is/image/Ulta/2546994sw?$50px$,nude,skin,NA,#E7BF92,0.7392156863,nude
Too Faced,Peach Perfect Comfort Matte Foundation – Peaches and Cream Collection,https://www.sephora.com/product/peach-perfect-comfort-moisture-matte-foundation-peaches-cream-collection-P422601?icid2=products%20grid:p422601,/productimages/sku/s1961556+sw.jpg,nude,skin,NA,#E9C5A7,0.7843137255,nude
Wet n Wild,Photo Focus Dewy Foundation,https://www.ulta.com/photo-focus-dewy-foundation?productId=pimprod2013416,https://images.ulta.com/is/image/Ulta/2558114sw?$50px$,nude ivory,"skin, gem, color",NA,#E0C6AD,0.7784313725,nude
Wet n Wild,PhotoFocus Liquid Foundation,https://www.ulta.com/photofocus-liquid-foundation?productId=xlsImpprod16731069,https://images.ulta.com/is/image/Ulta/2518277sw?$50px$,nude ivory,"skin, gem, color",NA,#EDBFA1,0.7803921569,nude
Wet n Wild,PhotoFocus Liquid Foundation,https://www.ulta.com/photofocus-liquid-foundation?productId=xlsImpprod16731069,https://images.ulta.com/is/image/Ulta/2518269sw?$50px$,peach natural,"food, skin",NA,#D59E7B,0.6588235294,natural
